comment,class_label
"рдХрд╛рдХрд░ рдкрд╛рдерд░ рдЬреЛреЬ рдХреЗ рдорд╕реНрдЬрд┐рдж рд▓рдИ рдмрдирд╛рдпред

рддрд╛ рдЪреЭрд┐ рдореБрд▓реНрд▓рд╛ рдмрд╛рдВрдШ рджреЗ , рдХреНрдпрд╛ рдмрд╣рд░рд╛ рд╣реБрдЖ рдЦреБрджрд╛рдпред 

рдпрд╣ рдореИрдВ рдирд╣реАрдВ рдХрдмреАрд░ рдиреЗ рдХрд╣рд╛ рдерд╛ред",OAG
рдЧрдЯрд░ рдХреЗ рдХреАрдбрд╝реЗ,OAG
рд╕реАрдирд╛рдЬреЛрд░реА,OAG
рд╢реНрд░реА рд╢реНрд░реА рдЬрд┐рдирдХреЗ  рд▓рд┐рдП рдкреВрд░реА рд╕рд░рдХрд╛рд░ рдиреЗ рджрд┐рд▓реНрд▓реА рдореЗ рдпрдореБрдирд╛ рднреА рдмрд░рдмрд╛рдж рд╣реЛрдиреЗ рджреА рд╕рд╛рд░реА рд╕реБрд╡рд┐рдзрд╛ рджреА рдЙрдирд╕реЗ рдорд┐рд▓рдиреЗ рд╕реЗ рджреЗрд╢рд╡рд┐рд░реЛрдз рдХрд╛ рдХреНрдпрд╛ рдорддрд▓рдм рдмреЗрд╢рдХ рдХреЛрдИ рдФрд░ рдорд┐рд▓рддрд╛ рддреЛ рдЙрд╕реЗ рддрдордЧрд╛ рдФрд░ рдкрд╛рдХрд┐рд╕реНрддрд╛рди рдХрд╛ рдирд┐рд╡рд╛рд╕ рдорд┐рд▓рддреЗ,OAG
"рдореЛрджреА рдЬреА рдЕрдм рдРрд╕рд╛ рднреА рдХрд╛рдиреБрди рдХрд░ рд╕рдХрддреЗ рд╣реИ,,рдХрд┐ рдЧрд░реАрдм рдФрд░ рдЖрдо рдЬрдирддрд╛ рд╡реЛрдЯ рд╣реА рдирд╛ рдХрд░реЗ|
рдФрд░ рд╡реЛрдЯ рдХрд░рдирд╛ рд╣реИ рддреЛ рдореЛрджреА рдХреЛ рд╣реА рдХрд░реЗ|рдирд╣реА рддреЛ рдЖрдо рд▓реЛрдЧреЛрдХреЛ рдХрд╛рди рдкрдХрдбрдиреЗрдХреЛ рдХрд╣ рд╕рдХрддреЗ рд╣реИ|
рд░рд╛рд╢рди рднреА рдмрдВрдж рдХрд░ рд╕рдХрддреЗ рд╣реИ|рдЕрдм рд╕рдм рд╕рддреНрддрд╛ рдЕрдХреЗрд▓реЗ рд╣реА рд╣рд╛рдердореЗ рд╣реИ|
рдЖрдо рд▓реЛрдЧ рдХрд╣реА рдирд╛ рдХрд╣реА рдкрд░реЗрд╢рд╛рди рд╣реЛрдиреЗ рдЪрд╛рд╣рд┐рдП,рднреНрд░рдорд┐рд╖реНрда рд╣реЛрдиреЗ рдЪрд╛рд╣рд┐рдП,рд╕реЛрдЪрдиреЗрдХреЗрд▓рд┐рдП рджрд┐рдорд╛рдЧ рд╣реА рдмрдВрдж рд╣реЛрдирд╛ рдЪрд╛рд╣рд┐рдП!!!
рдПреИрд╕рд╛ рд╣реА рдХрд╛рдиреБрди рдмрдирд╛ рд╕рдХрддреЗ рд╣реИ|
рдЬрдирддрд╛ рдЬрд╛рдП рднрд╛рдбрдореЗ !рдРрд╕реА рд╣реА рд╕реЛрдЪ рд╣реИ рдореЛрджреАрдЬреА рдХреА!рдмрд╕ рдмрд╛рдХреА рдХреБрдЫ рдирд╣реА|",OAG
"Jab iska do....... Ki

рдЕрд▓реНрд▓рд╛рд╣ рддрд╛рд▓реНрд▓рд╛рд╣ рдХреЗ рдлрдЬрд▓ рд╕реЗ
рдкрд╛рдХрд┐рд╕реНрддрд╛рдиреА рдЬреЗрд▓ рдореЗрдВ рд╕рдЬрд╝рд╛ рдХрд╛рдЯ рд░рд╣реЗ
рдЖрддрдВрдХреА рдЬрдХреА-рдЙрд░-рд░рд╣рдорд╛рди-рд▓рдЦрд╡реА
рдХреА рдкрддреНрдиреА рдкреЗрдЯ рд╕реЗ рд╣реИ !ЁЯШЙ

рдЕрд▓реНрд▓рд╛рд╣ рдмрдбрд╛ рд╣рд▓рд╛рд▓реБ рд╣реИ ЁЯШВ",OAG
рд╕реЛрдирд┐рдпрд╛ рдФрд░ рдкрдкреНрдкреВ рдХреЗ рддрд▓рд╡реЗ рдЪрд╛рдЯ рдЪрд╛рдЯ рдХрд░ рдорд╛рдирд╕рд┐рдХ рд╕рдиреНрддреВрд▓рди рдЦреЛ рдмреИрдареЗ рд╣реИ рдпрд╣ рдбреБрдЧрдбреБрдЧреА рдорд┐рдпрд╛рдВ ред рдПрдХ рдкрдЧрд▓реЗ рдХреЗ рдкреНрд░рд▓рд╛рдк рд╕реЗ рдЕрдзрд┐рдХ рдХреБрдЫ рдирд╣реАрдВ рд╣реИ рдЗрд╕ рдХреЗ рдмрдпрд╛рди ред,OAG
рдХреЗрдВрджреНрд░ рдореЗрдВ рд╕рд░рдХрд╛рд░ рдмрджрд▓рддреЗ рд╣реА рд╕реБрд░рдХреНрд╖рд╛ рдХреЗ рд╕рд░реЛрдХрд╛рд░ рднреА рдмрджрд▓ рдЧрдПред рдХрдИ рдкреБрд░рд╛рдиреЗ рдиреЗрддрд╛рдУрдВ рд╕реЗ рд╕реБрд░рдХреНрд╖рд╛ рд╡рд╛рдкрд╕ рд▓реА рдЬрд╛ рд░рд╣реА рд╣реИред рджреЗрдЦреЗрдВ рдХрд┐рди рдиреЗрддрд╛рдУрдВ рд╕реЗ рд╡рд╛рдкрд╕ рд▓реА рдЧрдИ рд╕реБрд░рдХреНрд╖рд╛... http://khabar.ndtv.com/video/show/news/341883?khabarfb=007,OAG
"тЪ╜тЪ╜тЪ╜тЪ╜тЪ╜тЪ╜тЪ╜тЪ╜тЪ╜тЪ╜
рдЬрдирд╛рдм рд╢реНрд░реА рдЕрд░реБрдг рдкреВрд░реА рд╕рд╛рд╣рдм !
рдкреВрдиреНрдп рдкреНрд░рд╕реВрди рд╡рд╛рдЬрдкреЗрдпреА рдирд╛рдо рдХрд╛, рдПрдХрдорд╛рддреНрд░ рдЬрд╣рд░реАрд▓рд╛ рдордЧрд░рдордЪреНрдЫ ! рдЖрдкрдХреЗ ""рдЖрдЬрддрдХ"" рдХреЗ рдкреВрд░реЗ рдкрд░рд┐рд╡рд╛рд░рд░реБрдкреА рддрд╛рд▓рд╛рдм рдХреЛ рдЧрдВрджрд╛ рдХрд░ рд░рд╣рд╛ рд╣реИ ! рдирд┐рдХрд╛рд▓ рдмрд╛рд╣рд░ рдХрд░реЛ рдЗрд╕ рдордирд╣реВрд╕ рдХреЛ рдЕрд░реБрдг рдЬреА, рд╡рд░рдирд╛ рдпреЗ рдкреВрд░реЗ рддрд╛рд▓рд╛рдм рдХреЛ рдЧрдВрджрд╛ рдХрд░ рджреЗрдЧрд╛ !
тЪ╜тЪ╜тЪ╜тЪ╜тЪ╜тЪ╜тЪ╜тЪ╜тЪ╜тЪ╜",OAG
рдЕрдм рдореЛрджреА рдФрд░ рд░рд╛рдЬрдирд╛рде  рдХреЛ рднреЛрдХрдирд╛ рдмрдВрдж рдХрд░ рдиреАрдж рд╕реЗ  рдЬрд╛рдЧрдирд╛  рд╣реА рд╣реЛрдЧрд╛ реНрдирд╣реА рддреЛ рджреЗрд╢ рдХрднреА  рдорд╛рдл рдирд╣реА рдХрд░реЗрдЧрд╛ред,OAG
рдмреЗрд╢рд░реНрдореЛрдВ рд╡реЛ рд╡рд┐рдбрд┐рдпреЛ рд╕рдмрдХреЗ рдмрд╛рд░реЗ рдореЗрдВ рд╣реИрдВред,OAG
"рдпрд╣ рд░рд╛рдЬрдиреЗрддрд╛рдУрдВ рдХреА рдЪрд╛рд▓ рд╣реИ, рдЬрдм рдлрдВрд╕рддреЗ рд╣реИрдВ рддреЛ рдХрдореАрдиреЗ рдХрд╣реЗрдВрдЧреЗ рд╣рдиреАрдЯреНрд░реИрдк! рдХреБрдЫ рдЦрд┐рд▓рд╛ рджрд┐рдпрд╛, рдореБрдЭрдХреЛ рдирдВрдЧрд╛ рдХрд░ рджрд┐рдпрд╛, рдореЗрд░реА рдИрдЬреНрдЬрдд рд▓реВрдВрдЯ рд▓реА! рдЧрдиреНрджреА рдЧрдиреНрджреА рд╣рд░рдХрддреЗ рдХреА! рдЙрд╕реЗ рдкрддрд╛ рдХреИрд╕реЗ рдЪрд▓рд╛ рдХрд┐ рдХреНрдпрд╛ рд╣рд░рдХрддреЗрдВ рдХреА? рдЭреВрдареЗ рд╕рд╛рд▓реНрд▓реЗ ! рдкрд╛рдк рдХрд░рдХреЗ рдРрдбрд╡рд╛рдиреНрд╕ рдмрдЪрд╛рд╡ рдХрд╛рд░реНрдп рдХрд░ рд▓реЗрддреЗ рд╣реИрдВ",OAG
рд▓реЗрдХрд┐рди isis рдФрд░ рдЖрддрдВрдХрд╡рд╛рджреА рд╕рдВрдЧрдарди рд╕реЗ рддреЛ рдЬрд░реВрд░ рдореЗрд▓ рдЦрддрд╛ рд╣реИ рдпреЗ рдПрдХ рдХреЬрд╡рд╛ рд╕рдЪ рд╣реИ,OAG
рддреВ рднреМрдВрдХреЛ рддреЛ рджреЗрд╢рднрдХреНрддреА рд╣рдо рдмреЛрд▓реЗ рддреЛ рджреЗрд╢рджреНрд░реЛрд╣реАред,OAG
рд▓рд╛рд▓реВ рдЪрд╛рд░рд╛ рдЦрд╛рдпрд╛ рди рдЗрд╕ рд▓рд┐рдпреЗ рдмреБрдзреА рд╕рдЯреАрдпрд╛,OAG
рддрдбреАрдкрд╛рд░,OAG
"рд▓рд╛рд▓ рдмрддреНрддреА рд╣рдЯрд╛рдиреЗ рд╕реЗ рджреЗрд╢ рдХрд╛ рдХрд┐рддрдирд╛ рдмреЛрдЭ рдХрдо рд╣реЛрдЧрд╛,?
рдХреНрдпрд╛ рд▓рд╛рд▓ рдмрддреНрддреА рд╣рдЯрд╛рдиреЗ рд╕реЗ V.I.P рдХрд▓реНрдЪрд░ рдЦрддреНрдо рд╣реЛ рдЬрд╛рдпреЗрдЧрд╛,?
рдЕрдЧрд░ рд╣рдЯрд╛рдирд╛ рд╣реА рд╣реИ рддреЛ -Z+ рд╕реБрд░рдХреНрд╖рд╛ рд╣рдЯрд╛рдУ,
рдлреНрд░реА рд╣рд╡рд╛рдИ рдпрд╛рддреНрд░рд╛ рд╣рдЯрд╛рдУ,
рд░реЗрд▓рд╡реЗ рдХреА рдореБрдлреНрдд рдпрд╛рддреНрд░рд╛ рд╣рдЯрд╛рдУ,
рд╕рдВрд╕рдж рдХреА рдХреИрдВрдЯреАрди рд╣рдЯрд╛рдУ,
рд╕рд╛рдВрд╕рдж,рд╡рд┐рдзрд╛рдпрдХреЛрдВ рдХреА рдкреЗрдВрд╢рди рд╣рдЯрд╛рдУ,
рдиреЗрддрд╛рдУ рдХреЗ рдЖрдЧреЗ рдкреАрдЫреЗ рд░рд╣рдиреЗ рд╡рд╛рд▓реЗ I.A.S-I.P.S рд╣рдЯрд╛рдУ,
рдпрд╣ рд╕рдм рдХрд░рдиреЗ рд╕реЗ рджреЗрд╢ рдХреА рдЬрдирддрд╛ рдХреЛ рд▓рд╛рдн рд╣реЛ рд╕рдХрддрд╛ рд╣реИ рдмрд┐рдирд╛ рдорддрд▓рдм рдХреА рдиреМрдЯрдВрдХреА рд╕реЗ рдЖрдо рдЬрдирддрд╛ рдХреЛрдИ рд▓рд╛рдн рдирд╣реА рд╣реЛрдиреЗ рд╡рд╛рд▓рд╛ рд╣реИ.!!
рдЕрдЧрд░ рдЖрдк рд╕рд╣рдордд рд╣реЛ рддреЛ рд╢реЗрдпрд░ рдЕрд╡рд╢реНрдп рдХрд░реЗрдВ,,,",OAG
рдЕрдЦрд┐рд▓реЗрд╢ рднрд╛рдИ рдЖрдк рдирд┐рд╢реНрдЪрдп рд╣реА рдПрдХ рдХрд╛рдорд┐рдпрд╛рдм рдиреЗрддрд╛ рд╣реИред рдЖрдкрдХреЗ реЮреЗрд▓ рд╣реЛрдиреЗ рдХрд╛ рдореБрдЦреНрдп рдХрд╛рд░рдг рдпреЗ рдХреА рдЖрдкрдХреЛ рдХрд┐рд╕реА рд╕рд╣рд╛рд░реЗ рдХреА рдЬрд░реВрд░рдд рдирд╣реАрдВ рдереА рдлрд┐рд░ рднреА рдЖрдкрдиреЗ рд╕рд╣рд╛рд░рд╛ рдХрд┐рдпрд╛ред рдФрд░ рд╕рд╣рд╛рд░рд╛ рднреА рдЙрд╕рдХрд╛ рдЬреЛ рдкрд╣рд▓реЗ рд╕реЗ рдмреЗрд╕рд╣рд╛рд░рд╛ рд╣реИ?рдЕрдЧрд░ рдЖрдк рдЕрдкрдиреЗ рдорди рд╕реЗ рд╕рд╡рд╛рд▓реЛ рдХреЗ рдЙрддреНрддрд░ рд▓рд┐рдЦрддреЗ рддреЛ рд╢рд╛рдпрдж рдЖрдк 10%рдкрд╛рд╕ рд╣реЛрддреЗ рдордЧрд░ рдЖрдкрдиреЗ рдирдХрд▓ рднреА рдЙрд╕ рдХреА рдорд╛рд░реА рдЬреЛ рдЖрдЬ рддрдХ рдкрд╛рд╕ рд╣реЛрдиреЗ рдХреА рдЬрджреНрджреЛрдЬрд╣рдж рдореЗ рд╣реИ????,OAG
рддреБрдорд▓реЛрдЧ рдмрд╕ рдШрдирдЯрд┐ рдмрдЬрд╛рд╡реЛ рджреЛрд╕рд░рд╛ рдХрд╛рдо рдирд╣реА рдХрд░рд╕рдХрддреИ рддреБрдорд▓реЛрдЧ рдмрд╕ рдШрдирдЯреА рд╣реА рд▓рд╛рдИрдХрд╣реЗ,OAG
"рдЬрдм рд╣рд┐рдВрджреБрд╕реНрддрд╛рдиреА рд╣рд┐рдВрджреВ рдмрд╛рдд рдХрд░ рд░рд╣реЗ рд╣реЛ
 рддрдм рдкрд╛рдХрд┐рд╕реНрддрд╛рдиреА рднрд┐рдЦрд╛рд░рд┐рдпреЛрдВ рдХреЛ рдмреАрдЪ
 рдореЗ рдирд╣реА рдЯрдкрдХрдирд╛ рдЪрд╛рд╣рд┐рдП",OAG
рддреВ рд╕реИрдирд┐рдХ рдХреЗ рдкрд░рд┐рд╡рд╛рд░ рд╕реЗ рд╣реИ рд▓реЗрдХрд┐рди рдЖрдЬ рддрдХ рддреБрдЭреЗ 2 рд╕рдмреНрдж рдмреЛрд▓рддреЗ рд╣реБрдП рдирд╣реАрдВ рджреЗрдЦрд╛ рд╕реИрдирд┐рдХреЛ рдХреЗ рд▓рд┐рдП,OAG
"тЪ╜тЪ╜тЪ╜тЪ╜тЪ╜тЪ╜тЪ╜тЪ╜тЪ╜тЪ╜
рдЖрдУ - рд╣рдо рд╕рдм рдореБрд╕рд▓рдорд╛рди рдорд┐рд▓рдХрд░ ! 4 рдмреАрдмреА рдФрд░ 40 рдмрдЪреНрдЪреЗ, рдкреИрджрд╛ рдХрд░рдХреЗ ! рдПрдХ рдирдВрдЧреЗ, рднреВрдЦреЗ, рд▓рд╛рдЪрд╛рд░ рдФрд░ ""рдЕрдкрд╛рд╣рд┐рдЬ"" рдЗрд╕реНрд▓рд╛рдо рдХреА, рдордЬрдмреВрдд рдиреАрдВрд╡ рд░рдЦреЗрдВ !
тЪ╜тЪ╜тЪ╜тЪ╜тЪ╜тЪ╜тЪ╜тЪ╜тЪ╜тЪ╜",OAG
рд╕рдорд╛рдЬрд╡рд╛рджреА рдкрд╛рд░реНрдЯреА рд╡рд╛рд▓реЗ рдХрд╣ рд░рд╣реЗ рд╣реИ рд╢рд░реНрдо рдирд╣реА рдЙрдирдХреЛ рд╡реЛ рддреЛ рдЦреБрдж isi рдХреЗ рд╣рд╛рдереЛрдВ рдХреА рдХрдЯрдкреБрддрд▓реА рдмрдиреЗ рд╣реБрдР рд╣реИред,OAG
"рдХреБрдорд╛рд░  рд╡рд┐рд╢реНрд╡рд╛рд╕  рдпреЗ  рдЖрдкрдиреЗ  рдмрд╣реБрдд  рдореВрд░реНрдЦрддрд╛рдкреВрд░реНрдг  video рдЫреЛрдб  рджрд┐рдпрд╛  рд╣реИ  рдЬрд┐рд╕рдХреА timing рдмрд╣реБрдд  рд╣реА  рдвреВрд░реНрддрддрд╛ рдХреЗ  рд╕рд╛рде рдЪреБрдиреА  рд╣реИ  рдЖрдкрдиреЗ .рдЕрдкрдиреЗ рд╢рдмреНрджреЛ  рдХреЗ рдкреНрд░рд╡рд╛рд╣  рдкрд░  рдореЛрд╣рд┐рдд ,рдЖрдкрдиреЗ рд╕реЛрдЪрд╛  рд╣реА рдирд╣реА рдХрд┐  English  рдореЗрдВ  рдПрдХ  рд╢рдмреНрдж  рд╣реЛрддрд╛ рд╣реИ -unequivocal.рдЗрд╕  рд╢рдмреНрдж  рдХреА  рдорд░реНрдпрд╛рджрд╛  рдЖрдкрдиреЗ  рд▓рд╛рдВрдШ  рджреА рд╣реИ .рд╡рд┐рд░реЛрдзрд┐рдпреЛрдВ рдХреЗ рд╣рд╛рде ladduonрдВ рд╕реЗ рднрд░  рджрд┐рдпреЗ рд╡реЛ рднреА  рдРрд╕реЗ  рд╡рдХрдд !рдЖрдкрдиреЗ  рднреА рдпреЛрдЧреЗрдиреНрджреНрд░ Yadav рд╣реА banna рдерд╛ ? рдФрд░рд╡рд┐рдиреНрджрдЬреА mahaan рд╣реИрдВ Jo рдпреЗ рдШрд╛рд╡  рднреА рд╣рдВрд╕  рдХрд░ рдЭреЗрд▓  рд░рд╣реЗ рд╣реИрдВ   . рдореИрдВ рдЖрдкрдХреА рднрд░рдкреВрд░ рдирд┐рдиреНрджрд╛  рдХрд╛рд░рддреА  hoon.рдЬреЛ vyakti реЫрдмрд╛рдВ  рдХреЗ рдШреЛрдбреЗ  рдкрд░ рдЕрдВрдзрд╛рдзреБрдиреНрдж  рд╕рд╡рд╛рд░ рд╣реИрдВ рдЙрд╕рдХреА  рдореЗрд░реА рдирдЬрд╝рд░  рдореЗрдВ  рдХреЛрдИ рдЗрдЬреНрдЬрд╝рдд  рдирд╣реА рд╣реЛрдиреА  рдЪрд╛рд╣рд┐рдпреЗ .",OAG
рдЖрда рд╕рд┐рдЯреЗ рднреА рдирд╣реА рдЖрдпреЗрдЧреА рд░рд╛рдЬрд╕реНрдерд╛рди рдореЗ рдмреАрдЬреЗрдкреА рдХреЛ,OAG
рддреБрдордиреЗ рд╕реЛрдиреАрдпрд╛рдХрд╛ рд╕рд┐рдирд╛ рджрд┐рдЦрд╛рдБрдпрд╛ рдерд╛ рдирд╛? рдЙрд╕рдХрд╛ рдХреНрдпрд╛ рд╣реБрд╡рд╛?,CAG
"...рдХрд▓ рдкрд╛рдХрд┐рд╕реНрддрд╛рди 250 рдХрд┐рдореА рдШреБрд╕рдХрд░ рджрд┐рд▓реНрд▓реА рдореЗрдВ рдмреИрдареЗ рднреНрд░рд╖реНрдЯ,рдЧрджреНрджрд╛рд░ рдХрд░реНрдордЪрд╛рд░рд┐рдпреЛрдВ рдФрд░ рдЕрдзрд┐рдХрд╛рд░рд┐рдпреЛрдВ(рдЬрд┐рди рдкрд░ рд╣рдорд╛рд░реЗ рдиреЗрддрд╛ рдЖрдБрдЦ рдмрдиреНрджрдХрд░ рднрд░реЛрд╕рд╛ рдХрд░рддреЗ рд╣реИрдВ) рдХреЛ рдорд╛рд░реЗрдЧрд╛ рдФрд░ рд╣рдорд╛рд░реЗ рдХрдордЬреЛрд░ рд╕рд┐рдкрд╛рд╣реА рдХреБрдЫ рдирд╣реА рдХрд░ рдкрд╛рдпреЗрдВрдЧреЗ рднреВрдЦ рдХреЗ рдХрд╛рд░рдг...
 
 рднреНрд░рд╖реНрдЯ, рдЧрджреНрджрд╛рд░ рдХрд░реНрдордЪрд╛рд░рд┐рдпреЛрдВ рдФрд░ рдЕрдзрд┐рдХрд╛рд░рд┐рдпреЛрдВ рдиреЗ рд╕реИрдирд┐рдХреЛ рдХреЛ рдШрдЯрд┐рдпрд╛ рд░рд╛рд╢рди рднреЗрдЬрдХрд░ рд╕реИрдирд┐рдХреЛ рдХреЛ рдХрдордЬреЛрд░ рдХрд░ рджрд┐рдпрд╛ рд╣реИ рдЬрд┐рд╕рд╕реЗ рд╣рдорд╛рд░реЗ рд╕реИрдирд┐рдХ рдХрдордЬреЛрд░ рд╣реЛ рдЧрдпреЗ рд╣реИ рдФрд░ рдкрд╛рдХрд┐рд╕реНрддрд╛рди рдХрд╛ рд╕реИрдирд┐рдХ рднрд╛рд░рдд рдореЗрдВ 250рдореАрдЯрд░ рдШреБрд╕рдХрд░ рд╣рдорд╛рд░реЗ рдХрдордЬреЛрд░ рд╕реИрдирд┐рдХ рдХрд╛ рд╕рд░ рдХрд╛рдЯрдХрд░ рд╕рдмреВрдд рдХреЗ рд░реВрдк рдореЗрдВ рд▓реЗ рдЧрдпрд╛ ...",CAG
"рдХрдВрдЯрдкрд╛ рдиреЗ рдмрд╛рд╣реБрдмрд▓реА рдХреЛ рдХреНрдпреЛ рдорд╛рд░рд╛ рдпреЗ рддреЛ рдЖрдк рдХреЛ рдкрддрд╛ рдЪрд▓ рдЬрд╛рдПрдЧрд╛ , рд▓реЗрдХрд┐рди рдиреЛрдЯрдмрдВрджреА рд╕реЗ рдХреНрдпрд╛ рд▓рд╛рдн рд╣реБрдЖ , рдпреЗ рд╣рд╛рд╕реНрдпрдкрдж рдФрд░ рдЧреЛрдкрдиреАрдп рд╣реА рд░рд╣реЗрдЧрд╛ ! рдореАрдбрд┐рдпрд╛ рдХреЗ рдкрд┐рдЫрд▓реЗ рдЬреБрдорд▓реЛ рдХрд╛ рд╕реНрдорд░рдг рдХрд░рд┐рдП , рдпреЗ рджреЗрдЦрд┐рдпреЗ рдирдХреНрд╕рд▓рд┐рдпреЛрдВ рдХреА рдиреЛрдЯрдмрдВрджреА рд╕реЗ рдХрдорд░ рдЯреВрдЯреА , рдиреЛрдЯ рдмрд░реНрдмрд╛рдж рд╣реЛ рдЧрдП , рдкрд╛рдХрд┐рд╕реНрддрд╛рди рдХреЛ рдореБрд╣ рдХреА рдкреЬреА , рдЖрдВрддрдХрд╡рд╛рджреА рдХреА рдХрдореА , рдЗрд╕рд╕реЗ рддреЛ рдЬреНрдпрд╛рджрд╛ рд╣рд╛рд╕реНрдпрдкрдж рдореАрдбрд┐рдпрд╛ рджрд╛рдКрдж рдЗрдмреНрд░рд╛рд╣рд┐рдо рдХреА рдиреЛрдЯрдмрдВрджреА рд╕реЗ рдХрдорд░ рдЯреВрдЯрдиреЗ , рджрд╣рд╕рдд рдореЗ рд╣реЛрдиреЗ рдХреА реЩрдмрд░ рджреЗрддрд╛ рд╣реИ ! 
 
 рд╕рд╡рд╛рд▓реЛрдВ рд╕реЗ рдШрд┐рд░рд╛ рдкрд┐рдВрдЬрд░рд╛ рд╣реИ , рдкрдВрдЫреА реЮреБрд░реНрд░ рд╣реИ !",CAG
рджрдВрдЧрд╛рдИ рдХреЗ рдХреБрд░реНрд╕реА рдореЗрдВ рдмреИрда рдЬрд╛рдиреЗ рд╕реЗ рдЪрд░рд┐рддреНрд░ рдирд╣реА рд╕реБрдзрд░рддрд╛ред,CAG
рдмрд╛рдмрд╛ рдХреЗ рд╢реНрд░рд╛рдк рджреЗрдиреЗ рд╕реЗ рд╣реА рдкрд╛рдХрд┐рд╕реНрддрд╛рдиреА рдорд░ рдЬрд╛рдпреЗрдВрдЧреЗ ред,CAG
рдХрдм рдФрд░ рдХрд┐рддрдиреЗ рд╕рд░ рдХрд╛рдЯрдиреЗ рдХреЗ рдмрд╛рдж рдХрд╣рд╛рдВ рд╣реИ рд╡реЛ рдПрдХ рдХреЗ рдмрджрд▓реЗ рджрд╕ рд╕рд┐рд░ рдХреНрдпрд╛ рд╡реЛ рд╕рд┐рд░реНрдл рдЪреБрдирд╛рд╡реА рднрд╛рд╖рдг рд╣реА рдерд╛,CAG
рд╕реЛрдиреБ рдирд┐рдЧрдо рдХреЛ рдкреБрд▓рд┐рд╕ рдерд╛рдиреЗ рдореЗ рдХрд▓ рд╣рд╛рдЬреАрд░ рд╣реЛрдирд╛ рд╣реИ рдХрд▓,CAG
"рдкрд╛рдХрд┐рд╕реНрддрд╛рди рдХреК рд╕рдмрдХ рд╕рд┐рдЦрд╛рдирд╛ рд╣реА рдкреЬреЗрдЧрд╛...
  рдореЛрджреАрдЬреА рджреЗрд╢ рдХреА рдЬрдирддрд╛ рдЖрдкрдХреЗ рд╕рд╛рде рд╣реЖ рдзреЛ рдбрд╛рд▓реЛ рд╕рд╛рд▓реЛрдВ рдХреК рд╡рд┐рд╢реНрд╡рд╛рд╕ рдХрд░реЛ рд╣рд┐рдВрджреВ рдХреНрдпрд╛ рдореБрд╕реНрд▓рд┐рдо рдХреНрдпрд╛ рд╕рд┐рдЦ рдХреНрдпрд╛ рд╕рдм рдЖрдкрдХреЗ рд╕рд╛рде рд╣реЖ...рдмрд╣реБрдд рд╣реЛ рдЧрдпрд╛ рдЕрдм рджреЗрдЦрд╛ рдирд╣реА рдЬрд╛рддрд╛..???",CAG
"рджреЗрд╢рднреВрдорд┐ рдЙрддреНрддрд░рд╛рдЦрдгреНрдб рдХреА рдкрд╣рд▓реА рдЬрдирд╣рд┐рддреЛрдВ рдХреЗ рд▓рд┐рдП рд╕рдорд░реНрдкрд┐рдд рд╕рд░рдХрд╛рд░ рдХреЛ рдЧрд┐рд░рд╛рдиреЗ рдХреА рднреВрд▓ рдХрд░рдиреЗ рд╡рд╛рд▓реЗ рд╕рддреНрддрд╛рд▓реЛрд▓реБрдкреБ рдиреЗрддрд╛рдУрдВ рдХреЛ рд░реЛрдХреЗ рдореЛрджреА
 
 рдиреИрддрд┐рдХрддрд╛ рдХреА рджреБрд╣рд╛рдИ рджреЗрдиреЗ рд╡рд╛рд▓реЗ рдХреНрдпреЛрдВ рддрд┐рд╡рд╛рд░реА, рдмрд╣реБрдЧреБрдгрд╛ рдХреЗ рдХреБрд╢рд╛рд╕рди, рдХреБрдореНрдн рд╡ рд╕реНрдЯрд░реНрдЬрд┐рдпрд╛ рдкреНрд░рдХрд░рдг рдкрд░ рдореВрдХ рд░рд╣реЗ
 
 рдирдИ рджрд┐рд▓реНрд▓реА(рдкреНрдпрд╛рдЙ)ред рд▓реЛрдХрд╕рднрд╛ рдЪреБрдирд╛рд╡ 2014 рдореЗрдВ рджреЗрд╢ рдХреА рдЬрдирддрд╛ рдиреЗ рдЬрд╣рд╛рдВ рдордирдореЛрд╣рдиреА рдХреБрд╢рд╛рд╕рди рд╕реЗ рдореБрдХреНрддрд┐ рдХреЗ рд▓рд┐рдП рдирд░реЗрдиреНрджреНрд░ рдореЛрджреА рдХрд╛ рдРрддрд┐рд╣рд╛рд╕рд┐рдХ рд╕рдорд░реНрдерди рджреЗ рдХрд░ рдкреВрд░реНрдг рдмрд╣реБрдордд рд╕реЗ рд╕рддреНрддрд╛рд╕реАрди рдХрд░рдиреЗ рдХрд╛ рдХрд╛рд░реНрдп рдХрд┐рдпрд╛ред рджреЗрд╢ рдХреА рдЬрдирддрд╛ рджреНрд╡рд╛рд░рд╛ рд╕реБрд╢рд╛рд╕рди рдХреА рдЖрд╢ рдореЗрдВ рджрд┐рдпреЗ рдЗрд╕ рд╕рдорд░реНрдерди рдХреА рдЖреЬ рдореЗрдВ рдХреБрдЫ рдкрджрд▓реЛрд▓реБрдкреБ рдЙрддреНрддрд░рд╛рдЦрдгреНрдбреА рднрд╛рдЬрдкрд╛рдИ рдиреЗрддрд╛ рджреЗрд╡рднреВрдорд┐ рдЙрддреНрддрд░рд╛рдЦрдгреНрдб рдореЗрдВ рд░рд╛рдЬреНрдп рдЧрдарди рдХреЗ 13 рд╕рд╛рд▓ рдмрд╛рдж рд╕рддреНрддрд╛рд╕реАрди рдкрд╣рд▓реА рдЬрдирд╣рд┐рддреЛрдВ рдХреЗ рд▓рд┐рдП рд╕рдорд░реНрдкрд┐рдд рд╣рд░реАрд╢ рд░рд╛рд╡рдд рдХреА рд╕рд░рдХрд╛рд░ рдХреЛ рдЧрд┐рд░рд╛рдиреЗ рдХреЗ рд▓рд┐рдП рдирд░реЗрдиреНрджреНрд░ рдореЛрджреА рдХреЛ рдЧреБрдорд░рд╛рд╣ рдХрд░ рд░рд╣реЗ рд╣реИрдВред 
 рдЖрдЬ рдЙрддреНрддрд░рд╛рдЦрдгреНрдб рдХреА рдЬрдирддрд╛ рдиреЗ рдХреЗрдиреНрджреНрд░ рдореЗрдВ рдЖрд╕реАрди рд░рд╣реА рдордирдореЛрд╣рдиреА рдХреБрд╢рд╛рд╕рди рдХреЛ рдЙрдЦрд╛реЬ рдлреЗрдВрдХрдиреЗ рд╡ рджреЗрд╢ рдореЗрдВ рд╕реБрд╢рд╛рд╕рди рдХреЛ рд╕реНрдерд╛рдкрд┐рдд рдХрд░рдиреЗ рдХреЗ рд▓рд┐рдП рдирд░реЗрдиреНрджреНрд░ рдореЛрджреА рдХреЛ рдЦреБрд▓рд╛ рд╕рдорд░реНрдерди рджрд┐рдпрд╛ рд╣реИред рди рдХреА рдкреНрд░рджреЗрд╢ рдореЗрдВ рд░рд╛рдЬреНрдп рдЧрдарди рдХреЗ рдмрд╛рдж рдкрд╣рд▓реА рдмрд╛рд░ рдЬрдирд╛рдВрдХрд╛рдВрдХреНрд╖рд╛рдУрдВ рдХреЛ рд╕рд╛рдХрд╛рд░ рдХрд░рдиреЗ рдХреЗ рд▓рд┐рдП рд╕рдорд░реНрдкрд┐рдд рд╣реЛ рдХрд░ рдХрд╛рдо рдХрд░ рд░рд╣реА рд╣рд░реАрд╢ рд░рд╛рд╡рдд рдХреА рд╕рд░рдХрд╛рд░ рдХреЛ рдЧрд┐рд░рд╛рдиреЗ рдХреЗ рд▓рд┐рдПред 
 рджреЗрд╢ рдХреЗ рдЬрдирдирд╛рдпрдХ рдореЛрджреА рдХреЛ рдЗрд╕ рдмрд╛рдд рдХрд╛ рдЕрд╣рд╕рд╛рд╕ рд╣реЛрдЧрд╛ рдХрд┐ рдЙрддреНрддрд░рд╛рдЦрдгреНрдб рдореЗрдВ рдЕрдм рддрдХ рдЬрд┐рддрдиреА рднреА рднрд╛рдЬрдкрд╛ рд╡ рдХрд╛рдВрдЧреНрд░реЗрд╕ рдХреА рд╕рд░рдХрд╛рд░реЗрдВ рд░рд╣реА (рддрд┐рд╡рд╛рд░реА, рдЦрдгреНрдбреВрдбреА, рдирд┐рд╢рдВрдХ рд╡ рдмрд╣реБрдЧреБрдгрд╛ рдЖрджрд┐ )рдЙрдиреНрд╣реЛрдВрдиреЗ рдкреНрд░рджреЗрд╢ рдХреА рдЬрдирд╛рдВрдХрд╛рдВрдХреНрд╖рд╛рдУрдВ рдХреЛ рд╕рд╛рдХрд╛рд░ рдХрд░рдиреЗ рдХреЗ рдмрдЬрд╛рдп рдЙрдирдХрд╛ рдЧрд▓рд╛ рдШреЛрдВрдЯрдиреЗ рдХрд╛ рдХрд╛рдо рдХрд┐рдпрд╛ред 
 
 рдРрд╕реЗ рдЬрдирд╣рд┐рддреЛрдВ рдХреЛ рдирд┐рд░реНрдордорддрд╛ рд╕реЗ рд░реМрдВрджрдиреЗ рд╡рд╛рд▓реЗ рдХреБрд╢рд╛рд╕рдХреЛ рд╡ рдЧрдд рд╡рд░реНрд╖ рдХрд╛ рдХреЗрджрд╛рд░рдШрд╛рдЯреА рдореЗрдВ рдЖрдпреА рддреНрд░рд╛рд╕рджреА рд╕реЗ рдЙрдмрд░рдиреЗ рдореЗрдВ рдХрд╛рд░рдЧрд░ рд╕рд╛рдмрд┐рдд рд╣реЛ рд░рд╣реЗ рдкреНрд░рджреЗрд╢ рдХреЗ рд╡рд░реНрддрдорд╛рди рдореБрдЦреНрдпрдордВрддреНрд░реА рд╣рд░реАрд╢ рд░рд╛рд╡рдд рдХреА рд╕рд░рдХрд╛рд░ рдХреЛ рдХрд╛рдлреА рдЖрд╢рд╛рдпреЗрдВ рд╣реИред рдЬрд┐рд╕ рдкреНрд░рдХрд╛рд░ рд╕реЗ рдореБрдЦреНрдпрдордВрддреНрд░реА рд╣рд░реАрд╢ рд░рд╛рд╡рдд рдиреЗ рдЕрдкрдиреЗ рдЪрдВрдж рдорд╣рд┐рдиреЗ рдХреЗ рд╢рд╛рд╕рди рдореЗрдВ рдХрдИ рдЬрдореАрдиреА рдХрд╛рд░реНрдп рдХрд░рдХреЗ рдЬрдирддрд╛ рдХреЗ рдбрдордордЧрд╛рддреЗ рд╡рд┐рд╢реНрд╡рд╛рд╕ рдХреЛ рдкрдЯрд░реА рдореЗрдВ рд▓рд╛рдиреЗ рдХрд╛ рдХрд╛рдо рдХрд┐рдпрд╛ред рдЙрд╕рдХреЗ рдмрд╛рдж рдкреНрд░рджреЗрд╢ рдХреА рдЬрдирддрд╛ рдХреЛ рд▓рдЧрд╛ рдХрд┐ рдкрд╣рд▓реА рдмрд╛рд░ рдЕрдкрдиреА рдХреЛрдИ рд╕рд░рдХрд╛рд░ рд╕рддреНрддрд╛рд╕реАрди рд╣реБрдИ рд╣реИред рдЦрд╛рд╕рдХрдХрд░ рдЬреЛ рд╕рд░рдХрд╛рд░ рдЧреИрд░рд╕реЗрдВрдг рдХреЗ рд╕рдкрдиреЗ рдХреЛ рд╕рд╛рдХрд╛рд░ рдХрд░рдиреЗ рдХреЗ рд▓рд┐рдП рдХреГрдд рд╕рдВрдХрд▓реНрдкрд┐рдд рд╣реЛ, рдЬреЛ рд╕рд░рдХрд╛рд░ рдХреА рдЬрдирддрд╛ рдХреЗ рд╕рд░рдХрд╛рд░реЛрдВ рд╕реЗ рдЙрддрд░ рдЪреВрдХреЗ рд╡рд┐рд╢реНрд╡рд╛рд╕ рдХреЛ рдкрдЯрд░реА рдкрд░ рд▓рд╛ рд╕рдХрддреА рд╣реИ, рдЬреЛ рд╕рд░рдХрд╛рд░ рднреНрд░рд╖реНрдЯрд╛рдЪрд╛рд░реА рдиреМрдХрд░рд╢рд╛рд╣реЛрдВ рд╡ рдиреЗрддрд╛рдУрдВ рдХреЗ рдЧрдардЬреЛреЬ рдкрд░ рдЕрдВрдХреБрд╢ рд▓рдЧрд╛ рд╕рдХрддрд╛ рд╣реИред рдЬреЛ рдЙрддреНрддрд░рд╛рдЦрдгреНрдбреА рдЬрдирд╛рдВрдХрд╛рдВрдХреНрд╖рд╛рдУрдВ рдХреЛ рд╕рд╛рдХрд╛рд░ рдХрд░рдиреЗ рдХреЗ рд▓рд┐рдП рдХреГрдд рд╕рдВрдХрд▓реНрдкрд┐рдд рд╣реИред 
 рдирд╣реАрдВ рддреЛ рдкреВрд░реНрд╡рд╡рд░реНрддреА рддрд┐рд╡рд╛рд░реА, рдЦрдгреНрдбреВрдбреА, рдирд┐рд╢рдВрдХ рд╡ рдмрд╣реБрдЧреБрдгрд╛ рдХреА рд╕рд░рдХрд╛рд░реЛрдВ рдиреЗ рдЬрд┐рд╕ рдирд┐рд░реНрдордорддрд╛ рд╕реЗ рдкреНрд░рджреЗрд╢ рдХреА рдЬрдирд╛рдВрдХрд╛рдХреНрд╖рд╛рдУрдВ рдХреЛ рд░реМрдВрджрдиреЗ рдХрд╛ рдХрд╛рдо рдХрд┐рдпрд╛ рдерд╛ рдЙрд╕рд╕реЗ рдЬрдирддрд╛ рдХрд╛ рд╡рд┐рд╢реНрд╡рд╛рд╕ рд╣реА рдЯреБрдЯ рдЧрдпрд╛ рдерд╛ред рдЬрд┐рд╕ рдкреНрд░рдХрд╛рд░ рд╕реЗ рдкреВрд░реНрд╡рд╡рд░реНрддреА рд╕рд░рдХрд╛рд░реЛрдВ рдиреЗ рдореБрдЬрдлрд░рдирдЧрд░рдХрд╛рдгреНрдб рдХреЗ рджреЛрд╖рд┐рдпреЛрдВ рдХреЛ рд╕рдВрд░рдХреНрд╖рдг рджреЗрдиреЗ, рдЧреИрд░рд╕реИрдВрдг рдкрд░ рдЫрд▓рдиреЗ, рдЬрдирд╕рдВрдЦреНрдпрд╛ рдкрд░ рдЖрдзрд╛рд░рд┐рдд рдкрд░рд┐рд╕реАрдорди рдереЛрдкрдиреЗ, рднреНрд░рд╖реНрдЯрд╛рдЪрд╛рд░ рдХреЗ рдХреГрддреНрдпреЛрдВ рд╕реЗ рдЬрдирддрд╛ рдХреЛ рдЫрд▓рдиреЗ рдХрд╛ рдХрд╛рд░реНрдп рд╣реА рдХрд┐рдпрд╛ред рдкреНрд░рджреЗрд╢ рдХреА рдЬрдирддрд╛ рдореЗрдВ рдЕрднреА рдХреБрдореНрдн рдШреЛрдЯрд╛рд▓реЗ рд╡ рд╕реНрдЯрд░реНрдЬрд┐рдпрд╛ рдШреЛрдЯрд╛рд▓реЗ рд╡ рдмрд╣реБрдЧреБрдгрд╛ рдХреЗ рдХреБрд╢рд╛рд╕рди рдХреЗ рджрдВрд╢ рдЕрднреА рднреА рд╡реНрдпрдерд┐рдд рдХрд░ рд░рд╣реЗ рд╣реИред рдРрд╕реЗ рдореЗрдВ рдиреИрддрд┐рдХрддрд╛ рдХреА рджреБрд╣рд╛рдИ рджреЗрдиреЗ рд╡рд╛рд▓реЗ рднрд╛рдЬрдкрд╛ рдХреЗ рддрдорд╛рдо рдиреЗрддрд╛ рдЪрд╛рд╣реЗ рдЦрдгреНрдбреВрдбреА рд╣реЛ рдпрд╛ рдирд┐рд╢рдВрдХ рдпрд╛ рд╕рддрдкрд╛рд▓ рдорд╣рд╛рд░рд╛рдЬ рдЗрдирдореЗрдВ рд╕реЗ рдХрд┐рд╕реА рдХреЛ рднреА рдиреИрддрд┐рдХрддрд╛ рдХреА рджреБрд╣рд╛рдИ рджреЗрдиреЗ рдХрд╛ рд╣рдХ рдирд╣реАрдВ рд╣реИред рдпреЗ рдиреЗрддрд╛ рдмрддрд╛рдпреЗ рдХрд┐ рдпреЗ рд▓реЛрдЧ рд╕реНрдЯрд░реНрдЬрд┐рдпрд╛, рдХреБрдореНрдн рдкреНрд░рдХрд░рдг , рддрд┐рд╡рд╛рд░реА рд╡ рдмрд╣реБрдЧреБрдгрд╛ рдХреЗ рдХреБрд╢рд╛рд╕рди рдЖрджрд┐ рдкрд░ рдХреНрдпреЛрдВ рд╢рд░реНрдордирд╛рдХ рдореВрдХ рд░рдЦреЗ рд╣реБрдП рдереЗред рдХреНрдпреЛрдВ рдЗрдиреНрд╣реЛрдВрдиреЗ рдореБрдЬрдлрд░рдирдЧрд░ рдХрд╛рдгреНрдб-94 рдХреЗ реЗрдЧреБрдирд╛рд╣рдЧрд╛рд░реЛрдВ рд╡ рдореБрд▓рд╛рдпрдо рдХреЗ рдХрд╣рд╛рд░реЛрдВ рдХреЛ рд╕рдВрд░рдХреНрд╖рдг рджреЗрдиреЗ рдХрд╛ рдХрд╛рдо рдХрд┐рдпрд╛ред рдХреНрдпреЛрдВ рдиреЗ рдиреЗрддрд╛ рдЕрдкрдиреЗ рд╕рдВрдХреАрд░реНрдг рд╕реНрд╡рд╛рд░реНрде рдХреЗ рдкреАрдЫреЗ рдкреНрд░рджреЗрд╢ рдХреЛ рдмрд╛рдВрдзреЛрдВ рдореЗрдВ рдбреВрдмреЛрдВ рдХрд░ рдмрд░реНрдмрд╛рдж рдХрд░рдиреЗ рдХреЗ рд▓рд┐рдП рдЬреБрдЯреЗ рд╣реБрдП рдереЗ ? рдХреНрдпреЛрдВ рдЗрдиреНрд╣реЛрдВрдиреЗ рдЬрдирд╕рдВрдЦреНрдпрд╛ рдкрд░ рдЖрдзрд╛рд░рд┐рдд рдкрд░рд┐рд╕реАрдорди рдкрд░ рдореВрдХ рд╕рд╛рдз рдХрд░ рдкреНрд░рджреЗрд╢ рдХреЗ рд╣рд┐рддреЛрдВ рдХреЛ рд░реМрдВрджрдиреЗ рдХрд╛ рдХрд╛рд░реНрдп рдХрд┐рдпрд╛ред===============",CAG
"рдпреЗ рдЕрдВрджрд░ рдХреА рд▓реЬрд╛рдИ рдмрдиреНрдж рдХрд░реЛ, рдорд┐рд▓ рдЬреБрд▓ рдХрд░ рдХрд╛рдо рдХрд░реЛ рдФрд░ рдЦреБрд╢рд╣рд╛рд▓ рджреЗрд╢ рдмрдирд╛рдУ, рддреБрдо рдЬреИрд╕реЛ рдиреЗ рджреЗрд╢ рдмрд░реНрдмрд╛рдж рдХрд░ рджрд┐рдпрд╛ рд╣реИред рдХреЛрдИ рдХрд╛рдо рдХрд░ рд░рд╣рд╛ рд╣реИ рддреЛ рдЙрд╕рдХрд╛ рд╕рд╛рде рджреЛ ред рд╕рдмрдХреА рддрд░рдХреНрдХреА рдореЗ рд╣реА рднрд▓рд╛ рд╣реИрдВредредредред",CAG
"рд╣рдж рд╣реЛ рдЧрдИ рдЕрдм рддреЛ рдпрд╛рд░ ,,,
 ,
 рдЕрдм рдпреЗ рдЕрдлрд╡рд╛рд╣ рдХреЛрди рдлреИрд▓рд╛ рд░рд╣рд╛ рд╣реИ ,
 рдХреА рд╕реЛрдиреВ рдирд┐рдЧрдо рдХрд╛ рдмрд╛рдк ,
 :
 :
 :
 :
 рдкреВрд░рд╛ ""рдирдЧрд░ рдирд┐рдЧрдо"" рд╣реИ
 
 ЁЯШВЁЯШВЁЯШЬЁЯШЬ",CAG
рдПрдмреАрдкреА рдиреНрдпреБрдЬ рдЪреИрдирд▓ рд╡рд╛рд▓реЗ рдЪрд▓ рджреЛ рдЬреЛрдбрдиреЗ...рдмреЗрд╢рд░реНрдореА рдХреА рд╕рд╛рд░реЗ рд╣рдж рдкрд╛рд░ рдХрд░ рджрд┐рдП....,CAG
"рджреЗрдЦрд┐рдП рд╣рд┐рдиреНрджреВрд╕реНрддрд╛рди рдПрдХ рдПреИрд╕реА рдЬрдЧрд╣ рд╣реИ рдЬрд╣рд╛рдВ рд╣рд░ рдЗрдВрд╕рд╛рди рдХреА рд╕реБрдмрд╣ рдордВрджрд┐рд░ рдХреА рдШрдгреНрдЯреА рдФрд░ рдЕрдЬрд╛рди рдХреЗ рд╕рд╛рде рд╣реЛрддреА рд╣реИрдВред 
 рд╣рдо рд╣рд┐рдиреНрджреВрд╕реНрддрд╛рдиреА рдЗрд╕рдХреЗ рдмрд┐рдирд╛ рдЕрдзреВрд░реЗ рд╣реИрдВред рд╣рдо рд╕рдм рдмрдЪреНрдЪрдкрди рд╕реЗ рд╣реА рдЗрд╕реА рдорд╛рд╣реЛрд▓ рдореЗрдВ рдмрдбреЗ рд╣реБрдП рд╣реИрдВ рдШрд░ рдХреЗ рдкрд╛рд╕ рд░рд╛рдо рдХрдерд╛ рд╣реЛ рдпрд╛ рдорд╕реНрдЬрд┐рдж рдореЗрдВ рддрдХрд░реАрд░ рдпрд╛ рдЬреЛ рдХреБрдЫ рднреА рд╣реЛрддрд╛ рдЖ рд░рд╣рд╛ рд╣реЛ рд╣рдо рд╕рднреА рд╕рдореБрджрд╛рдпреЛрдВ рдХреЗ рд▓реЛрдЧ рдЙрд╕рдореЗрдВ рдмрдб рдЪрдврд╝ рдХрд░ рд╣рд┐рд╕реНрд╕рд╛ рд▓реЗрддреЗ рдЖ рд░рд╣реЗ рд╣реИрдВ рдХреНрдпреЛрдВрдХрд┐ рдпрд╣реА рд╣рдорд╛рд░реА рдЧрдВрдЧрд╛ рдЬрдореБрдирд╛ рдХреА рд╕рдВрд╕реНрдХреГрддрд┐ рдХреА рд╣реИред 
 рдЗрд╕рд▓рд┐рдП рд╣реЛ рд╕рдХреЗ рддреЛ рдЖрдЧ рдореЗрдВ рдШреА рдирд╛ рдбрд╛рд▓реЗ, рдЖрдк рддреЛ рдлрд┐рд░ рднреА рдорд╣реЗрд▓ рдЬреИрд╕реЗ рдШрд░ рдХреЗ рдмрдВрджреЗ рдП рд╕реА рдХрдорд░реЗ рдореЗрдВ рд╕реЛрддреЗ рд╣реИрдВ рдлрд┐рд░ рднреА рдиреАрдж рдореЗрдВ рдЦрд▓рд▓ рдХреА рдмрд╛рдд рдХрд░ рд░рд╣реЗ!! рдирд╛ рдЬрд╛рдиреЗ рдХрд┐рддрдиреЗ рд╣рд┐рдиреНрджреВрд╕реНрддрд╛рдиреА рд╕рдбрд╝рдХреЛрдВ рдкрд░ рд░реЛрдЬ рд╕реЛрддреЗ рд╣реИрдВ рдЙрдирдХреА рд╕реБрдмрд╣ рдПреИрд╕реЗ рд╣реА рд╣реЛрддреА рдЖ рд░рд╣реА рдХреГрдкрдпрд╛ рдПреИрд╕реА рдмрд╛рддреЗрдВ рдирд╛ рдХрд░реЗрдВ рдЬрд┐рд╕рд╕реЗ рд╣рд┐рдиреНрджреВрд╕реНрддрд╛рди рдХреЗ рдШрд░реЛрдВ рдореЗрдВ рдирдлрд░рдд рдХреА рдПрдХ рдФрд░ рдЖрдЧ рдЬрд▓рдиреЗ рд▓рдЧреЗ!!! ЁЯШв",CAG
"рдХрд┐рд╕реА рдХреЛ рд▓рдЧрддрд╛ рд╣рд┐рдиреНрджреВ рдЦрддрд░реЗ рдореЗрдВ рд╣реИ,
 
 рдХрд┐рд╕реА рдХреЛ рд▓рдЧрддрд╛ рдореБрд╕рд▓рдорд╛рди рдЦрддрд░реЗ рдореЗрдВ рд╣реИ,
 
 рдзрд░реНрдо рдХрд╛ рдЪрд╢реНрдорд╛ рдЙрддрд╛рд░ рдХрд░ рджреЗрдЦреЛ рдпрд╛рд░реЛ...
 
 рдкрддрд╛ рдЪрд▓реЗрдЧрд╛ рд╣рдорд╛рд░рд╛ рд╣рд┐рдиреНрджреБрд╕реНрддрд╛рди рдЦрддрд░реЗ рдореЗрдВ рд╣реИ !!",CAG
"...рджрд┐рд▓ рдЦреЛрд▓рдХрд░
 .
 .рдФрд░
 .
 .рдмрд┐рдирд╛ рдбрд░ рдХреЗ
 .
 .рд▓рд┐рдЦрддреЗ рд╣реИрдБ рдлреЗрд╕рдмреБрдХ рдкреЗ рд╕рдЪреНрдЪрд╛рдИ
 .рдЕрдЧрд░
 .
 .рдЧреБрдорд░рд╛рд╣ рдХрд░рддреЗ
 .рддреЛ
 рдореЛрджреА рдЬреА рдХреА рдЬрдЧрд╣ рд╣реЛрддреЗ",CAG
"рдпрд╛рд░ рдкреЛрд╕реНрдЯ рддреЛ рдареАрдХ рд╣рдБ
 рджреЗрд╢ рд╡рд╛рд╕реА рд╕рд░ рдорд╛рдВрдЧ рд░рд╣реЗ рд╣рдБред
 рдХрд╢реНрдореАрд░ рд╕реЗ 370 рдзрд╛рд░рд╛ рдЦрддреНрдо рдХрд░рдиреЗ рдХреА рдорд╛рдВрдЧ рдХрд░реЛ рднрд╛рдЗрдпреЛред",CAG
рдмрджрд▓реЗ рдмрджрд▓реЗ рд╕рд░рдХрд╛рд░ рдирдЬрд░ рдЖрддреЗ рд╣реЛ рд░рд╛рдЬ рдмреЬрд╛ рд╣реИ ????,CAG
рдХрд┐рд╕ рджреЗрд╢ рдХреЗ рд╣реЛ рднрд╛рдИ рдЖрдк рдЬреЛ рдЗрд╕ рддрд░рд╣ рдХрд╛ рд╕рдорд░реНрдерди рдХрд┐рдпреЗ рд╣реЛ рдкрд╛рдХрд┐рд╕реНрддрд╛рди рдХрд╛,CAG
рдЕрдм рдПрдВрдмреБрд▓реЗрдВрд╕ рдЧрд╛рдп рд▓реЗ рдЬрд╛рдиреЗ рдХреЗ рд▓рд┐рдП рд▓рдЧрд╛ рджреА рдЧрдИ рд╣реИ,CAG
рджреЗрд╢ рдХреА рдЬрдирддрд╛ рдФрд░ рдореАрдбрд┐рдпрд╛ рдХреЛ рджрд┐рдЦрд╛ рд░рд╣реЗ рд╣реИ рдпрд╛ рдХреНрдпрд╛ рдХрдо рд╣реИред,CAG
"рднрд╛рд░рдд рдореЗрдВ рдирд┐рдВрджрд╛ рдХрд░рдиреЗ рдХреЛ рд╣реА рдХрд╛рд░рд╡рд╛рд╣реА рд╕рдордЭ рдЬрд╛рддрд╛ рд╣реИ, рдЕрд░реБрдг рдЬреЗрдЯрд▓реА рдиреЗ рдирд┐рдВрджрд╛ рдХрд░реН рджрд┐рдпрд╛, рдмрд╛рдд реЩрддреНрдоред",CAG
"рд╣рд┐рдВрджреБрд╕реНрддрд╛рди рдЪреВрдк рдирд╣реАрдВ рдмреИрдареЗрдЧрд╛, рдореЛрджреАрдЬреА рдФрд░ рд╣рд┐рдВрджреБрд╕реНрддрд╛рдиреА рд╕реЗрдирд╛ рджрд┐рдЦрд╛рдпреЗрдВрдЧреА рдЫрдкреНрдкрди рдЗрдВрдЪ рд╕реАрдирд╛!",CAG
рдирд┐рдВрджрд╛ рдордВрддреНрд░реА рдХреА рдХреЬреА рдирд┐рдВрджрд╛ рдЬрд▓реНрдж рд╣реА рд╕рд░реНрдЬрд┐рдХрд▓ рдХрд┐рдпрд╛ рдЬрд╛рдПрдЧрд╛,CAG
"рдХреЛрдИ рдирд╣реА рдореЛрджреА рдЬреА рдЖрдк рдмрджрд▓рд╛ рд▓реЛрдЧреЗ рдпреЗ рд╣рдореЗ рд╡рд┐рд╢реНрд╡рд╛рд╕ рд╣реИ , рдХреНрдпреЛрдВрдХрд┐ рдЖрдк рджреБрд╢реНрдордиреЛ рдХреЛ рдЖрд░рд╛рдо рдЖрд░рд╛рдо рд╕реЗ рдорд╛рд░рддреЗ рд╣реЛ рдФрд░ рдЕрдВрджрд░ рдШреБрд╕ рдХреЗ рдорд╛рд░рддреЗ рд╣реЛ ,рдЖрдкрдХреЗ рдмрд╛рдж рдЖрдкрдХреА рдХреБрд░реНрд╕реА рдкрд░ рдПрдХ рдФрд░ рдЖрдкрдХрд╛ рд╢реЗрд░ рдЬрд▓реНрдж рдЖрдПрдЧрд╛ , рдЬрд┐рд╕рдХреА рд░рдлреНрддрд╛рд░ рдЗрддрдиреА рд╣реИ рдХрд┐ рд╡реЛ рди рд╣реА рдХрд┐рд╕реА рдХреА рд╕реБрдирддрд╛ ,рдирд╛ рд╣реА рдХрд┐рд╕реА рдХреЛ рд╕рдмреВрдд рдХреЗ рд▓рд┐рдП рдХреЛрдИ рдмрдпрд╛рди рджреЗрддрд╛ ,рдФрд░ рдирд╛ рд╣реА рдХрд┐рд╕реА рдХрд╛рдо рдХреЗ рд▓рд┐рдП рдЗрдВрддреЗрдЬрд╛рд░ рдХрд░рддрд╛ , рд╡реЛ рдЕрдВрджрд░ рдШреБрд╕ рдХреЗ рдорд╛рд░реЗрдЧрд╛ рдирд╣реА рд╕реАрдзрд╛ рджреБрдирд┐рдпрд╛ рдХреА рдирдЬрд░реЛрдВ рд╕реЗ рдЙрд╕ рдореБрд▓реНрдХ рдХреЛ рдЕрджреГрд╢реНрдп рдХрд░ рджреЗрдЧрд╛ рдХреНрдпреЛрдВрдХрд┐ рд╡реЛ рдЕрдкрдиреА рдЬрд┐рдВрджрдЧреА рдореЗрдВ рд╕рд┐рд░реНрдл рдЗрдЬрд░рд╛рдпрд▓ рдХреЛ рдЕрдкрдирд╛ рдЖрджрд░реНрд╢ рдорд╛рдирддрд╛ рд╣реИ рдФрд░ рдЙрд╕реА рдХреЗ рддрд░реНрдЬ рдкрд░ рдХрд╛рдо рднреА рдХрд░рддрд╛ рд╣реИред рдореЛрджреА рдЬреА рдЖрдк рдмрд╛рд╣реБрдмрд▓реА 1st рдкрд╛рд░реНрдЯ рд╣реЛ рдФрд░ рд╡реЛ рдмрд╛рд╣реБрдмрд▓реА 2nd рд╣реИ , 2014 рдореЗрдВ рдЖрдк рд░рд┐рд▓реАреЫ рд╣реБрдП ,2024 рдореЗрдВ рд╡реЛ рд░рд┐рд▓реАреЫ рд╣реЛрдЧрд╛ ред",CAG
рдЕрдврд╛рдИ рд╕рд╛рд▓ рдореЗрдБ рдЯреВрдЯреА рдЖрд╕...рдФрд░ рдЪрд▓реЛ рдореЛрджреА рдХреЗ рд╕рд╛рде....рдирд╛ рд░реЛрдЬрдЧрд╛рд░ рдирд╛ рд╡рд┐рдХрд╛рд╕....рдмрд╕ рдиреЛрдЯрдмрдВрджреА рдФрд░ рдмрдХрд╡рд╛рд╕...рд╕рдмрдХреЗ рд╕рд╛рде рд╕рдорд╛рди рд╡рд┐рдирд╛рд╢...рдмрд╕ рднрд╛рд╖рдг рдФрд░ рдорди рдХреА рдмрд╛рдд....,CAG
рд╡рд┐рджрд┐рд╢рд╛ рд╕реЗ рдмреАрдЬреЗрдкреА рдХреА рд╕реБрд╖рдорд╛ рд╕реНрд╡рд░рд╛рдЬ рдЖрдЧреЗ,NAG
рд╕рдорд╛рдЪрд╛рд░ рдореИрдВ рд░рд╣рдиреЗ рдХрд╛ рдЕрдЪреНрдЫрд╛ рдореМрдХрд╛ рд╣реИ рджреЗрд╢ рдФрд░ рд╕реЗрдирд╛ рд╕реЗрдирд╛ рдФрд░ рднрд╛рд░рдд рдорд╛рддрд╛,NAG
рдореЛрджреА рдЬреА рд▓рд╛рд▓ рдмрддреНрддреА рд╣рдЯрдиреЗ рднрд░ рд╕реЗ рдХрд╛рдо рдирд╣реА рдЪрд▓рдиреЗ рд╡рд╛рд▓рд╛ рдЬрдм рд╕рд░рдХрд╛рд░реА рдХрд░реНрдордЪрд╛рд░рд┐рдпреЛрдВ рдХрд╛ рдкреЗрдВрд╢рди рдмрдВрдж рддреЛ рд╡рд┐рдзрд╛рдпрдХреЛрдВ рдФрд░ рд╕рд╛рд╕рджреЛрдВ рдХрд╛ рднреА рдкреЗрдиреНрд╢рди рдФрд░ рдЕрдиреНрдп рдлрд┐рдЬреВрд▓ рдЦрд░рдЪреЗ рдмрдВрдж рд╣реЛрдирд╛ рдЪрд╛рд╣рд┐рдП ред,NAG
рд╕рд╛рд░реЗ рдЬрд╣рд╛рдВ рд╕реЗ рдЕрдЪреНрдЫрд╛ рд╣рд┐рдВрджреБрд╕реНрддрд╛рди рд╣рдорд╛рд░рд╛,NAG
рд╕рднреА рдХреЛ рдорд┐рд▓рдЬреБрд▓ рдХрд░ рдЪрд▓рдирд╛ рдкрдбрд╝реЗрдЧрд╛ рддрдм рдЧреБрдВрдбрд╛рд░рд╛рдЬ рдЦрддреНрдо рд╣реЛрдЧрд╛,NAG
20 рд▓рд╛рдЦ рд╕реНрд╡рддрдВрддреНрд░рддрд╛ рд╕реЗрдирд╛рдиреА рдХреЛ рджреЗ рджреЛ,NAG
рд╕рдЪреНрдЪрд╛рдИ рдХрд┐рдпрд╛ рд╣реИ,NAG
рдХрдЯрдкреНрдкрд╛ рдиреЗ рдмрд╛рд╣реБрдмрд▓реА рдХреЛ рдХреНрдпреЛрдВ рдорд╛рд░рд╛,NAG
"рд╕рдм рд▓реЛрдЧ рдХреЗ рд▓рд┐рдП рдПрдХ рд╕рдВрджреЗрд╢ рдпреЗ рд╣реИ рдХреА
рд╕реЛрдЪ рдмрджрд▓реЛ рддреЛ рдЗрдВрдбрд┐рдпрд╛ рдмрджрд▓реЗрдЧрд╛
рдпреЛрдЧреА рдЬреА рд╣рдо рдЖрдкрдХреЗ рд╕рд╛рде рд╣реИрдВ...
рдЖрдк рдпрд╣ рдХрд░ рд╕рдХрддреЗ рд╣реИрдВ",NAG
рдЖрдкрдХреЗ рджреЗрд╢ рд╕реЗ рдЬреНрдпрд╛рджрд╛ рдЕрдкрдиреА рдЗрдореЗрдЬ рдкреНрдпрд╛рд░рд╛ рдерд╛ рдХрд╣реАрдВ рдореЗрд░реА рдЗрдореЗрдЬ рдирд╛ рдЦрд░рд╛рдм рд╣реЛ рдЬрд╛рдП рдХреНрдпреЛрдВрдХрд┐ рдирд╣реАрдВ рдЖрдП рдереЗ рд╡рд╣реА рд╣реЛ рд░рд╣рд╛ рд╣реИ рдФрд░ рдЬрд┐рдирдХреЛ рдЕрдкрдиреА рдЗрдореЗрдЬ рдХреА рдкрд░рд╡рд╛ рдирд╣реАрдВ рд╡реЛ рд▓реЛрдЧ рд▓рдбрд╝ рд░рд╣реЗ рд╣реИрдВ,NAG
рдЪреИрдВрдкрдХреИрд╢ рдПрдкреНрд▓реАрдХреЗрд╢рди рдмрд╣реБрдд рдмрдврд╝рд┐рдпрд╛ рдРрдк рд╣реИ рдореЗрд░реЗ 20 рджрд┐рди рдореЗрдВ 20 рдбреЙрд▓рд░ рдХреА рдХрдорд╛рдИ рдЕрдЧрд░ рдЖрдк рднреА рдореЗрд░реЗ рдЬреЗрд╕реА рдХрдорд╛рдИ рдХрд░рдирд╛ рдЪрд╛рд╣рддреЗ рд╣реИрдВ рддреЛ рдЬрд▓реНрдж рд╕реЗ рдЬрд▓реНрдж рдЪреИрдВрдкрдХреИрд╢ рдРрдк рдбрд╛рдЙрдирд▓реЛрдб рдХрд░реЗрдВ рдУрд░ 505245 рдкрд░ рдЖрдИрдбреА рдЕрдкрд▓реЛрдб рдХрд░реЗрдВ рдЖрдк рднреА рдмрддрд╛рдЙрдЧрд╛ рдЬреНрд╡рд╛рдЗрдирд┐рдВрдЧ рдХреЗ рд▓рд┐рдП рдореЗрд░рд╛ рд╡реНрд╣рд╛рдЯреНрд╕рдПрдк рдирдВрдмрд░ 9049042221,NAG
рд╕рд╛рд▓рд╛ рдЗрд╕реЗ рдЕрдЪреНрдЫрд╛ рдПрдЯреАрдПрдо рдХреЗ рд▓рд╛рдЗрди рдореЗрдВ рдЦрдбрд╝рд╛ рд╣реЛ рдЬрд╛рддрд╛... рдХрдо рд╕реЗ рдХрдо рдкреИрд╕реЗ рддреЛ рдЖ рдЬрд╛рддреЗ рд╣рд╛рде рдореЗрдВ!!!!,NAG
AAP рдХрд╛ рд╕рдорд░реНрдерди рд╣реА рдХрд░рдирд╛ рд╣реИ,NAG
рд░рд╡реАрд╢ рдЬреА рдРрд╕реА рд╣реА рдЦрдмрд░ рд▓рд╛рдПред рдзрдиреНрдпрд╡рд╛рдж,NAG
рдмрд╣реБрдд рдЕрдЪреНрдЫрд╛ рдХрд┐рдпрд╛ рдмреАрдЬреЗрдкреА рдХреЛ рд╡реЛрдЯ рджреЗрдХрд░ рдЕрдм рддреЛ рдЙрдореНрдореАрдж рдХрд░ рд╣реА рд╕рдХрддреЗ рд╣реИ рдХрд┐ рдпреВрдкреА рдХреЗ рдЬрд┐рддрдиреЗ рднреА рдмреВрдЪрдбрд╝рдЦрд╛рдиреЗ рд╣реИ рд╕рдм рдмрдВрдж рд╣реЛрдиреЗ рдЪрд╛рд╣рд┐рдП,NAG
@ShekharGupta рдХреЗ рд╕рд╛рде рдЪрд▓рддреЗ-рдЪрд▓рддреЗ рдореЗрдВ рд░рд╛рдд 9.30 рджреЗрдЦрд┐рдП #Flipkart рдХреЗ рд╕рдВрд╕реНрдерд╛рдкрдХреЛрдВ рд╕реЗ рдЦрд╛рд╕ рдмрд╛рддрдЪреАрдд,NAG
рдмрд╣реБрдд рдЦреВрдм,NAG
"рджреЗрд╢ рдмрджрд▓ рд░рд╣рд╛ рд╣реИ, рдЖрдЧреЗ рдирд┐рдХрд▓ рд░рд╣рд╛ рд╣реИ ЁЯОЙЁЯСНЁЯЩП",NAG
"рдПрдХ рдЖрдо рдЖрджрдореА рд╕реБрдмрд╣ рдЬрд╛рдЧрдиреЗ рдХреЗ рдмрд╛рдж рд╕рдмрд╕реЗ рдкрд╣рд▓реЗ рдЯреЙрдпрд▓реЗрдЯ рдЬрд╛рддрд╛ рд╣реИ, 
рдмрд╛рд╣рд░ рдЖ рдХрд░ рд╕рд╛рдмреБрди рд╕реЗ рд╣рд╛рде рдзреЛрддрд╛ рд╣реИ,

рджрд╛рдБрдд рдмреНрд░рд╢ рдХрд░рддрд╛ рд╣реИ,

рдирд╣рд╛рддрд╛ рд╣реИ,

рдХрдкрдбрд╝реЗ рдкрд╣рдирдХрд░ рддреИрдпрд╛рд░ рд╣реЛрддрд╛ рд╣реИ, рдЕрдЦрдмрд╛рд░ рдкрдврддрд╛ рд╣реИ,

рдирд╛рд╢реНрддрд╛ рдХрд░рддрд╛ рд╣реИ,

рдШрд░ рд╕реЗ рдХрд╛рдо рдХреЗ рд▓рд┐рдП рдирд┐рдХрд▓ рдЬрд╛рддрд╛ рд╣реИ,

рдмрд╛рд╣рд░ рдирд┐рдХрд▓ рдХрд░ рд░рд┐рдХреНрд╢рд╛ рдХрд░рддрд╛ рд╣реИ, рдлрд┐рд░ рд▓реЛрдХрд▓ рдмрд╕ рдпрд╛ рдЯреНрд░реЗрди рдореЗрдВ рдпрд╛ рдЕрдкрдиреА рд╕рд╡рд╛рд░реА рд╕реЗ рдСрдлрд┐рд╕ рдкрд╣реБрдБрдЪрддрд╛ рд╣реИ,

рд╡рд╣рд╛рдБ рдкреВрд░рд╛ рджрд┐рди рдХрд╛рдо рдХрд░рддрд╛ рд╣реИ, рд╕рд╛рдерд┐рдпреЛрдВ рдХреЗ рд╕рд╛рде рдЪрд╛рдп рдкреАрддрд╛ рд╣реИ,
 рд╢рд╛рдо рдХреЛ рд╡рд╛рдкрд┐рд╕ рдШрд░ рдХреЗ рд▓рд┐рдП рдирд┐рдХрд▓рддрд╛ рд╣реИ,

рдШрд░ рдХреЗ рд░рд╛рд╕реНрддреЗ рдореЗрдВ 

рдмрдЪреНрдЪреЛрдВ рдХреЗ рд▓рд┐рдП рдЯреЙрдлреА, рдмреАрд╡реА рдХреЗ рд▓рд┐рдП рдорд┐рдард╛рдИ рд╡рдЧреИрд░рд╣ рд▓реЗрддрд╛ рд╣реИ,

рдореЛрдмрд╛рдЗрд▓ рдореЗрдВ рд░рд┐рдЪрд╛рд░реНрдЬ рдХрд░рд╡рд╛рддрд╛ рд╣реИ, рдФрд░ рдЕрдиреЗрдХ рдЫреЛрдЯреЗ рдореЛрдЯреЗ рдХрд╛рдо рдирд┐рдкрдЯрд╛рддреЗ рд╣реБрдП рдШрд░ рдкрд╣реБрдБрдЪрддрд╛ рд╣реИ,

рдЕрдм рдЖрдк рдмрддрд╛рдЗрдпреЗ рдХрд┐ рдЙрд╕реЗ рджрд┐рди рднрд░ рдореЗрдВ рдХрд╣реАрдВ рдХреЛрдИ ""рд╣рд┐рдиреНрджреВ"" рдпрд╛ ""рдореБрд╕рд▓рдорд╛рди"" рдорд┐рд▓рд╛ ?

рдХреНрдпрд╛ рдЙрд╕рдиреЗ рджрд┐рди рднрд░ рдореЗрдВ рдХрд┐рд╕реА ""рд╣рд┐рдиреНрджреВ"" рдпрд╛ ""рдореБрд╕рд▓рдорд╛рди"" рдкрд░ рдХреЛрдИ рдЕрддреНрдпрд╛рдЪрд╛рд░ рдХрд┐рдпрд╛ ?

рдЙрд╕рдХреЛ рдЬреЛ рджрд┐рди рднрд░ рдореЗрдВ рдорд┐рд▓реЗ рд╡реЛ рдереЗ.. рдЕрдЦрд╝рдмрд╛рд░ рд╡рд╛рд▓реЗ рднреИрдпрд╛,

рджреВрдз рд╡рд╛рд▓реЗ рднреИрдпрд╛,

рд░рд┐рдХреНрд╢рд╛ рд╡рд╛рд▓реЗ рднреИрдпрд╛,

рдмрд╕ рдХрдВрдбрдХреНрдЯрд░,

рдСрдлрд┐рд╕ рдХреЗ рдорд┐рддреНрд░,

рдЖрдВрдЧрддреБрдХ,

рдкрд╛рди рд╡рд╛рд▓реЗ рднреИрдпрд╛,

рдЪрд╛рдп рд╡рд╛рд▓реЗ рднреИрдпрд╛,

рдЯреЙрдлреА рдХреА рджреБрдХрд╛рди рд╡рд╛рд▓реЗ рднреИрдпрд╛,

рдорд┐рдард╛рдИ рдХреА рджреВрдХрд╛рди рд╡рд╛рд▓реЗ рднреИрдпрд╛..

рдЬрдм рдпреЗ рд╕рдм рд▓реЛрдЧ рднреИрдпрд╛ рдФрд░ рдорд┐рддреНрд░ рд╣реИрдВ рддреЛ рдЗрдирдореЗрдВ ""рд╣рд┐рдиреНрджреВ"" рдпрд╛ ""рдореБрд╕рд▓рдорд╛рди"" рдХрд╣рд╛рдБ рд╣реИ ?

""рдХреНрдпрд╛ рджрд┐рди рднрд░ рдореЗрдВ рдЙрд╕рдиреЗ рдХрд┐рд╕реА рд╕реЗ рдкреВрдЫрд╛ рдХрд┐ рднрд╛рдИ, рддреВ ""рд╣рд┐рдиреНрджреВ"" рд╣реИ рдпрд╛ ""рдореБрд╕рд▓рдорд╛рди"" ?

рдЕрдЧрд░ рддреВ ""рд╣рд┐рдиреНрджреВ"" рдпрд╛ ""рдореБрд╕рд▓рдорд╛рди"" рд╣реИ рддреЛ рдореИрдВ рддреЗрд░реА рдмрд╕ рдореЗрдВ рд╕рдлрд╝рд░ рдирд╣реАрдВ рдХрд░реВрдБрдЧрд╛,

рддреЗрд░реЗ рд╣рд╛рде рдХреА рдЪрд╛рдп рдирд╣реАрдВ рдкрд┐рдпреВрдБрдЧрд╛,

рддреЗрд░реА рджреБрдХрд╛рди рд╕реЗ рдЯреЙрдлреА рдирд╣реАрдВ рдЦрд░реАрджреВрдВрдЧрд╛,

рдХреНрдпрд╛ рдЙрд╕рдиреЗ рд╕рд╛рдмреБрди, рджреВрдз, рдЖрдЯрд╛, рдирдордХ, рдХрдкрдбрд╝реЗ, рдЬреВрддреЗ, рдЕрдЦрдмрд╛рд░, рдЯреЙрдлреА, рдорд┐рдард╛рдИ рдЦрд░реАрджрддреЗ рд╕рдордп рдХрд┐рд╕реА рд╕реЗ рдпреЗ рд╕рд╡рд╛рд▓ рдХрд┐рдпрд╛ рдерд╛ рдХрд┐ рдпреЗ рд╕рдм рдмрдирд╛рдиреЗ рдФрд░ рдЙрдЧрд╛рдиреЗ рд╡рд╛рд▓реЗ ""рд╣рд┐рдиреНрджреВ"" рд╣реИрдВ рдпрд╛ ""рдореБрд╕рд▓рдорд╛рди"" ?

""рдЬрдм рд╣рдорд╛рд░реА рд░реЛрдЬрдорд░реНрд░рд╛ рдХреА рдЬрд╝рд┐рдиреНрджрдЧреА рдореЗрдВ рдорд┐рд▓рдиреЗ рд╡рд╛рд▓реЗ рд▓реЛрдЧ ""рд╣рд┐рдиреНрджреВ"" рдпрд╛ ""рдореБрд╕рд▓рдорд╛рди"" рдирд╣реАрдВ рд╣реЛрддреЗ рддреЛ рдлрд┐рд░ рдХреНрдпрд╛ рд╡рдЬрд╣ рд╣реИ рдХрд┐ ""рдЪреБрдирд╛рд╡"" рдЖрддреЗ рд╣реА рд╣рдо ""рд╣рд┐рдиреНрджреВ"" рдпрд╛ ""рдореБрд╕рд▓рдорд╛рди"" рд╣реЛ рдЬрд╛рддреЗ рд╣реИрдВ ?

рд╕рдорд╛рдЬ рдХреЗ рддреАрди рдЬрд╣рд░

рдЯреАрд╡реА рдХреА рдмреЗрдорддрд▓рдм рдХреА рдмрд╣рд╕

рд░рд╛рдЬрдиреЗрддрд╛рдУ рдХреЗ рдЬрд╣рд░реАрд▓реЗ рдмреЛрд▓

рдФрд░  рдХреБрдЫ рдХрдореНрдмрдЦреНрдд рд▓реЛрдЧреЛ рдХреЗ рд╕реЛрд╢рд▓ рдореАрдбрд┐рдпрд╛ рдХреЗ рднрдбрд╝рдХрд╛рдК рдореИрд╕реЗрдЬ 

рдЗрдирд╕реЗ рджреВрд░ рд░рд╣реЗ рддреЛ  рд╢рд╛рдпрдж рдмрд╣реБрдд рд╣рдж рддрдХ рд╕рдорд╕реНрдпрд╛ рддреЛ рд╣рд▓ рд╣реЛ рд╣реА рдЬрд╛рдпреЗрдЧреА.

рд╢реЗрдпрд░ рдХрд░реЗрдВ рдЫрд▓рд╛рд╡реЛрдВ рд╕реЗ рдмрдЪреЗрдВ....

рд╕рд┐рд░реНрдл рдкрдврд╝реЗ рд▓рд┐рдЦреЗ рд▓реЛрдЧ рд╢реЗрдпрд░ рдХрд░реЗредредрдЬрд╛рд╣рд┐рд▓ рд▓реЛрдЧ delete рдХрд░ рджреЗ редредредрдкрдврд╝рд╛ рд▓рд┐рдЦрд╛ рд╕рдордЭрдХрд░ рд╣реА рдЖрдкрдХреЛ рднреЗрдЬрд╛ рд╣реИредредред",NAG
"рд╣рдо рдкрддреНрд░рдХрд╛рд░реЛрдВ рдХреЗ рдмрд╛рд░реЗ рдореЗрдВ рдЖрдо рдЬрдирддрд╛ рдореЗрдВ рдореБрдЧрд╛рд▓рддрд╛ рднрд▓реЗ рд╣реА рд╣реЛ рдХрд┐ рдкреБрд▓рд┐рд╕ рдЗрдирдХреЗ рд╕рд╛рде рдлреНрд░реИрдВрдбрд▓реА рд╣реИ, рд▓реЗрдХрд┐рди рд╡рд╣ рд╕рднреА рдкрддреНрд░рдХрд╛рд░ рд╕рд╛рдереА рдЬреЛ рдЕрдм рднреА рдЦрдмрд░ рдЕрдкрдиреЗ рд╣рд┐рд╕рд╛рдм рд╕реЗ рд▓рд┐рдЦрддреЗ рд╣реИрдВ, рдкреНрд░реЗрд╕ рдиреЛрдЯ рдХреЗ рд▓рд┐рд╣рд╛рдЬ рд╕реЗ рдирд╣реАрдВ, рд╣рдореЗрд╢рд╛ рд╣реА рдкреБрд▓рд┐рд╕ рдХреЗ рд░рд╛рдбрд╛рд░ рдореЗрдВ рдЖрдиреЗ рдХреА рдЖрд╢рдВрдХрд╛ рдкрд╛рд▓реЗ рд░рд╣рддреЗ рд╣реИрдВред рд▓реЗрдХрд┐рди рдЬрд┐рдирд╕реЗ рдХреЛрдИ рдмреИрд░ рд╣реА рди рд╣реЛ, рд╡рд╣ рдХреИрд╕реЗ рдХрд┐рд╕реА рд╣рд┐рдВрд╕рд╛ рдХреА рд▓рдкреЗрдЯ рдореЗрдВ рдЖ рд╕рдХрддрд╛ рд╣реИ?",NAG
"рдХреГрдкрдпрд╛ рдзреНрдпрд╛рди рджреАрдЬрд┐рдП ! 
рдЕрдм рд╣рд░ рдХреЛрдИ рдЕрдкрдиреЗ android mobile ЁЯУ▒ рд╕реЗ рдШрд░ рдмреИрдареЗ рд╣рдЬрд╛рд░реЛрдВ рд░реБрдкрдП рд╣рд░ рдорд╣реАрдиреЗ рдХрдорд╛ рд╕рдХрддрд╛ рд╣реИ рдФрд░ рд╡реЛ рднреА рдмрд┐рдирд╛ рдХреЛрдИ рдкреИрд╕рд╛ рд▓рдЧрд╛рдПред
рдпреЗ рдЭреВрда рдирд╣реАрдВ рд╣реИред рдореИрдВ рдЗрд╕рд╕реЗ  15000-30000 рд░реВрдкрдП рд╣рд░ рдорд╣реАрдиреЗ рдХрдорд╛ рд░рд╣рд╛ рд╣реВрдБред рдЖрдкрдХреЗ join рд╣реЛрдиреЗ рдХреЗ рдмрд╛рдж рдореИрдВ рдЖрдкрд╕реЗ contact рдХрд░рдХреЗ рд╕рд╛рд░реЗ proof рджреВрдВрдЧрд╛ рдФрд░ рдЖрдЧреЗ рдХреИрд╕реЗ рдХрд╛рдо рдХрд░рдирд╛ рд╣реИ, рд╡реЛ рднреА рдмрддрд╛рдпрд╛ рдЬрд╛рдпреЗрдЧрд╛ред 
Join рд╣реЛрдиреЗ рдХреЗ рд▓рд┐рдП
1. рдЕрдкрдиреЗ android phone рдХреЗ play store рдореЗрдВ champcash рд▓рд┐рдЦреЛ рдФрд░ рдЙрд╕ app рдХреЛ рдЕрдкрдиреЗ mobile phone рдореЗрдВ install рдХрд░ рд▓реЛред
2. рдЕрдм app рдХреЛ open рдХрд░рдХреЗ sign up with champcash рдкрд░ click рдХрд░рдХреЗ рдЕрдкрдиреА details рднрд░ рджреЗрдВред
3. Refer id of sponsor рдкреВрдЫреЗрдЧрд╛ рд╡рд╣рд╛рдБ рдкрд░ 9044274 рдбрд╛рд▓ рджреЛред 
рдЗрд╕ I'D (9044274) рдХреЛ рдЦрд╛рд▓реА рдкреЗрдкрд░ рдкрд░ рд▓рд┐рдЦ рд▓реЗрдВ рдЖрдЧреЗ рдЬрд░реВрд░рдд рдкрдЩреЗрдЧреАред 
4. complete challenge рдФрд░ рдЕрдкрдиреА id activate рдХрд░рдХреЗ business рд╕реЗ рдЬреБрдбрд╝ рдЬрд╛рдУред
.....рдЬрдп рд╣рд┐рдиреНрдж.....рдЬрдп рдЪреИрдВрдкрдХреИрд╢...",NAG
рдорд┐рдЯреНрдЯреА рдореЗрдВ рд╡рд╣ рдорд┐рд▓рдиреЗ рдХреА рдФрдХрд╛рдд рд╣реИ...рддреБрдорд▓реЛрдЧреЛ рдХреА ..рдЦрдЬрд╛рдиреЗ рддреЛ рдЦрд░реНрдЪ рдХрд░ рджрд┐рдП рдЬрд╛рддреЗ рд╣реИрдВ...рдХрдЪрд░реЗ рдореЗрдВ рд╡рд╣ рдХрдорд╛рд▓ рдЦрд┐рд▓рддреЗ рд╣реИрдВ,NAG
"рдирд╛ рдЧреАрддрд╛ рдмреБрд░реА рд╣реИ,
рдирд╛ рдХреБрд░рд╛рди рдмреБрд░рд╛ рд╣реИ,
рдирд╛ рд╣рд┐рдиреНрджреВ рдмреБрд░рд╛ рд╣реИ,
рдирд╛ рдореБрд╕рд▓рдорд╛рди рдмреБрд░рд╛ рд╣реИ,
рдирд╛ рдЦреБрджрд╛ рдмреБрд░рд╛ рд╣реИ,
рдирд╛ рднрдЧрд╡рд╛рди рдмреБрд░рд╛ рд╣реИ,
рджрд┐рдорд╛рдЧ рдореЗрдВ рдЬреЛ рдмреИрдард╛ рд╣реИ,
рд╡реЛ рд╢реИрддрд╛рди рдмреБрд░рд╛ рд╣реИ !!!
рдПрдХ рдмрдиреЛ--рдиреЗрдХ рдмрдиреЛ",NAG
рдореИрдЧреА рдкрд░ рдиреЗрд╕реНрд▓реЗ рдХреЗ рдЧреНрд▓реЛрдмрд▓ CEO рдкреЙрд▓ рдмреБрд▓реНрдХреЗ рдиреЗ рд╕рдлрд╛рдИ рджреА.. рджреЗрдЦреЗрдВ рдпрд╣ рд╡реАрдбрд┐рдпреЛ...,NAG
"рдЬрдм рд╣реИ рд╕рдорд╛рдзрд╛рди рддреЛ рдХреНрдпреЛ рд╣реЛ рдкрд░реЗрд╢рд╛рди ; рд╕рдорд╕реНрдпрд╛ рдХрд╛ рд╕рдорд╛рдзрд╛рди рдШрд░ рдмреИрдареЗ рдФрд░  рдлреЛрди рдкрд░ рдХрд░рд╡рд╛ рд╕рдХрддреЗ рдФрд░ рд╕рдорд╕реНрдпрд╛ рдХреЛрдИ рднреА рд╣реЛ рдЬрдбрд╝ рд╕реЗ рдЦрддреНрдоред 9501244448 ,9872834448
рднрдЯрдХреЗ рдФрд░ рдШрдмрд░рд╛рдпреЗ рд╣реБрдП рдорд┐рддреНрд░ рдПрдХ рдмрд╛рд░ рдЕрд╡рд╢реНрдп. рдорд┐рд▓реЗрдВред ((ASTROLOGER RAVIKANT JI GAUR }}}
рднрд╛рд░рддреАрдп рд╡реИрджрд┐рдХ рдЬреНрдпреЛрддрд┐рд╖реА """"рд░рд╡рд┐рдХрд╛рдВрдд рдЬреА рдЧреМрдбрд╝"""""" Famous in UK,USA,CANADA,INDIA {{95012-44448}}
рдиреМрдХрд░реА,рдХрд╛рд░реЛрдмрд╛рд░,рдкреНрд░реЗрдо рд╡рд┐рд╡рд╛рд╣,рд╡рд┐рджреЗрд╢ рдпрд╛рддреНрд░рд╛ рдореЗрдВ рд░реВрдХрд╛рд╡рдЯ,рдкрдврд╝рд╛рдИ рдореЗрдВ рдорди рди рд▓рдЧрдирд╛,рдШрд░ рдореЗрдВ рдХрд▓реЗрд╢,рдХрд╛рдо рдмрдирддреЗ рдмрдирддреЗ рдмрд┐рдЧрдбрд╝ рдЬрд╛рдирд╛ ,рд╕рдВрддрд╛рди рд╕реБрдЦ рди рдорд┐рд▓рдирд╛ ,рдмрд┐рдорд╛рд░реА рдореЗрдВ рджрд╡рд╛ рди рд▓рдЧрдирд╛,рд╡рд╢реАрдХрд░рдг рдХрд░рдирд╛,рддреБрдбрд╝рд╡рд╛рдирд╛,рд╕рд╛рд╕ рдмрд╣реБ рдореЗрдВрдЕрдирдмрди,рдореБрдХрджрдорд╛ рдХреЗрд╕ рд╕рдорд╕реНрдпрд╛  ,рдЦреВрди рдХ рдЫреАрдВрдЯреЗ рдЖрдирд╛,рд╕реМрддрди рджреБрд╢рдорди рд╕реЗ рдЫреБрдЯрдХрд╛рд░рд╛,рдХрд┐рдпрд╛- рдХрд░рд╛рдпрд╛,рдЬрдбрд╝ рд╕реЗ рдЦрддреНрдо рдФрд░ рд╡рд╣рдореЛрдВ -рднрд░рдореЛрдВ рд╕реЗ рдмрдЪреЛ,рдЧреНрд░рд╣реЛрдВ рдФрд░ рдХреБрдгреНрдбрд▓реА рдХреЗ рдЧреНрд░рд╣реЛрдВ рдХрд╛ рд╡реИрджрд┐рдХ рдЙрдкрд╛рдпреЛрдВ рдХрд░рд╡рд╛рдУ рдФрд░ рдЬреАрд╡рди рд╕реБрдЦреА рдмрдирд╛рдУред
рдЬреНрдпреЛрддрд┐рд╖реА рд░рд╡рд┐рдХрд╛рдВрдд рдЧреМрдбрд╝
mb:95012444448",NAG
